NAAN: Name	Address (2020.01.29)
placeholder	placeholder
placeholder	placeholder
placeholder	placeholder
placeholder	placeholder
placeholder	placeholder
placeholder	placeholder
placeholder	placeholder
placeholder	placeholder
placeholder	placeholder
placeholder	placeholder
placeholder	placeholder
placeholder	placeholder
placeholder	placeholder
placeholder	placeholder
placeholder	placeholder
placeholder	placeholder
placeholder	placeholder
placeholder	placeholder
placeholder	placeholder
placeholder	placeholder
placeholder	placeholder
placeholder	placeholder
placeholder	placeholder
placeholder	placeholder
placeholder	placeholder
placeholder	placeholder
placeholder	placeholder
placeholder	placeholder
placeholder	placeholder
placeholder	placeholder
placeholder	placeholder
placeholder	placeholder
placeholder	placeholder
placeholder	placeholder
placeholder	placeholder
placeholder	placeholder
placeholder	placeholder
placeholder	placeholder
placeholder	placeholder
placeholder	placeholder
placeholder	placeholder
placeholder	placeholder
placeholder	placeholder
placeholder	placeholder
placeholder	placeholder
placeholder	placeholder
placeholder	placeholder
placeholder	placeholder
placeholder	placeholder
placeholder	placeholder
placeholder	placeholder
placeholder	placeholder
placeholder	placeholder
placeholder	placeholder
placeholder	placeholder
placeholder	placeholder
placeholder	placeholder
placeholder	placeholder
placeholder	placeholder
placeholder	placeholder
placeholder	placeholder
placeholder	placeholder
placeholder	placeholder
placeholder	placeholder
placeholder	placeholder
placeholder	placeholder
placeholder	placeholder
placeholder	placeholder
placeholder	placeholder
placeholder	placeholder
placeholder	placeholder
placeholder	placeholder
placeholder	placeholder
placeholder	placeholder
placeholder	placeholder
placeholder	placeholder
placeholder	placeholder
placeholder	placeholder
placeholder	placeholder
placeholder	placeholder
placeholder	placeholder
placeholder	placeholder
placeholder	placeholder
placeholder	placeholder
placeholder	placeholder
placeholder	placeholder
placeholder	placeholder
placeholder	placeholder
placeholder	placeholder
placeholder	placeholder
placeholder	placeholder
placeholder	placeholder
placeholder	placeholder
placeholder	placeholder
placeholder	placeholder
placeholder	placeholder
placeholder	placeholder
placeholder	placeholder
placeholder	placeholder
placeholder	placeholder
12025: US National Library of Medicine	8600 Rockville Pike, Bethesda, MD 20894
12026: Library of Congress	101 Independence Ave SE, Washington, DC 20540
10113: US National Agricultural Library	10301 Baltimore Avenue, Beltsville, MD 20705
13030: California Digital Library	415 20th St, Oakland, CA 94612
13038: World Intellectual Property Organization	34, chemin des Colombettes, CH-1211 Geneva, Switzerland
20775: University of California San Diego	9500 Gilman Dr, La Jolla, CA 92093
29114: University of California San Francisco	530 Parnassus Ave, San Francsico, CA 94143
28722: University of California Berkeley	101 Sproul Hall, Berkeley, CA 94704
15230: Rutgers University	169 College Avenue, New Brunswick, NJ 08901
13960: Internet Archive	300 Funston Ave, San Francisco, CA 94118
64269: Digital Curation Centre	University of Edinburgh, Edinburgh, EH8 9YL
62624: New York University	70 Washington Square South, New York NY 10012
67531: University of North Texas	1506 W Highland St, Denton, TX 76203
27927: Portico Digital Preservation Service	2 Rector Street, 18th Floor, New York, NY 10006
21198: University of California Los Angeles	Los Angeles, CA 90095-1575
12148: Bibliothèque nationale de France	Quai François Mauriac, 75706 PARIS Cedex 13, France
88435: Princeton University	Princeton NJ 08544
89901: Archives of Region of Västra Götaland and City of Gothenburg, Sweden	Otterhällegatan 5 411 18 Gothenburg, Sweden
80444: Northwest Digital Archives	221 Holland, Pullman, WA 99164
25593: Emory University	540 Ashbury Circle, Atlanta, GA 30322
25031: University of Kansas	1425 Jayhawk Blvd, Lawrence, KS 66045
78319: Google	1600 Amphitheatre Pkwy, Mountain View, CA 94043
17101: Centre for Ecology & Hydrology, UK	Crowmarsh Gifford, Wallingford, Oxfordshire OX10 8BB, UK
65323: University of Calgary	410 University Ct NW, Calgary, AB T2N 1N4, Canada
61001: University of Chicago	5801 S Ellis Ave, Chicago, IL 60637
52327: Bibliothèque et Archives Nationales du Québec	475 Boul de Maisonneuve E, Montréal, QC H2L 5C4, Canada
39331: National Széchényi Library	Budapest, Szent György tér 4-5-6., 1014, Hungary
26677: Library and Archives Canada	395 Wellington Street, Ottawa, ON K1A 0N4, CANADA
13681: Centre de Musique Baroque de Versailles	22 Avenue de Paris, 78000 Versailles, France
87895: Centre Informatique National de l'Enseignement Supérieur	950 Rue de St - Priest, 34000 Montpellier, France
74899: Bibliothèque municipale de Toulouse	2 Rue des Archives, 31500 Toulouse, France
61903: Family Search	50 N Temple, Salt Lake City, UT 84150
48907: University of California Santa Barbara	552 University Rd, Santa Barbara, CA 93106
36253: George Eastman House - International Museum of Photography and Film	900 East Ave, Rochester, NY 14607
23257: Appalachian State University	Boone, North Carolina 28608
10261: Jüdisches Museum Berlin	Lindenstraße 9-14, 10969 Berlin, Germany
84475: University of Houston	220 School of Music Building, Houston, TX 77004
71479: Consejo Superior de Investigaciones Científicas	Calle Carretera, 0, 28500 Arganda del Rey, Madrid, Spain
58483: Archives départementales de la Somme	53, rue de la République, B.P. 32615, 80026 Amiens, France
45829: Bibliothèque Cujas	2 Rue Cujas, 75005 Paris, France
32833: Massachusetts Institute of Technology	77 Massachusetts Avenue, Cambridge, MA 02139-4307
19837: Simon Fraser University	8888 University Drive, Burnaby, BC, Canada V5A 1S6
81055: British Library	96 Euston Rd, London NW1 2DB, United Kingdom
68059: Centre National d'Études Spatiales	2 Place Maurice Quentin, 75001 Paris, France
55405: Columbia College Chicago	525 S State St, Chicago, IL 60605
42409: The Pennsylvania State University	201 Old Main, University Park, Pennsylvania 16802
29413: University of Pennsylvania	3420 Walnut St, Philadelphia, PA 19104
16417: University of Kentucky Libraries	500 S. Limestone St., Lexington, KY 40506
77635: Humboldt-Universität zu Berlin	Unter den Linden 6, 10099 Berlin, Germany
64981: Lo CIRDÒC - Mediatèca occitana	1 bis boulevard Du Guesclin, Place du 14 juillet, 34500 Béziers, France
51985: University of Illinois at Urbana Champaign	1408 W Gregory Dr #203, Urbana, IL 61801
38989: The George Washington University	2130 H St NW, Washington, DC 20052
25993: Archives départementales du Doubs	99 Rue des Fusillés de la Résistance, 25000 Besançon, France
12997: Archives départementales du Territoire de Belfort	Allée du Souvenir Français, 90000 Belfort, France
87553: Archives de la ville de Pontivy	8, rue François Mitterrand, 56306 Pontivy, France
74557: Rockefeller Archive Center	15 Dayton Ave, Sleepy Hollow, NY 10591
61561: les archives nationales d'outre-mer	29, chemin du moulin de Testas, 13090 AIX-EN-PROVENCE, France
48565: Ville de Besançon	2 rue Mégevand - 25034 Besançon, France
35569: Conseil Général de la Martinique	Conseil Général de la Martinique, Rue Gaston Defferre - Cluny, CS 30137, 97201 FORT DE FRANCE cedex, Martinique
22573: ITHAKA	2 Rector Street, 18th Floor, New York, NY 10006
84133: Archives départementales de l'Allier	Parc de Bellevue, 03400 Yzeure, France
71137: Archives départementales de la Côte-d'Or	11 Rue d'Auxonne, 21000 Dijon, France
58141: Österreichische Nationalbibliothek	1015 Wien, Austria
45145: New York Public Library	5th Ave at 42nd St, New York, NY 10018
34231: Purdue University	610 Purdue Mall, West Lafayette, IN 47907
19153: Centre national de documentation pédagogique	Futuroscope, France
80713: Biblioteca Nacional de Portugal	Campo Grande 83, 1749-081 Lisboa, Portugal
67717: Ministère de la culture et de la communication	182, rue Saint-Honoré, 75033 Paris, France
54721: Institut national d'histoire de l'art	2 rue Vivienne, 75002 Paris, France
41725: Research Center for Islamic History, Art and Culture	Barbaros Bulvari, Besiktas 34349, Istanbul, Turkey
28729: Archives départementales du Rhône	34 rue du général Mouton-Duvernet - 69003 Lyon, France
16075: Archives départementales du Cantal	Place Hôtel de ville, 15000 Aurillac, France
77293: Archives départementales de la Savoie	244, quai de la Rize, 73000 Chambéry, France
64297: Archives départementales du Pas-de-Calais	59 Rue Anatole France, 62400 Béthune, France
51301: Fundación Centro de Estudios Andaluces	Fundación Pública Andaluza Centro de Estudios Andaluces, C/Bailén, 50, 41001 Sevilla, Spain
38305: University of California Santa Cruz	1156 High St, Santa Cruz, CA 95064
25651: Archives départementales de la Gironde	33000 Bordeaux, France
12655: ACCOLAD Franche-Comté	37 A rue Edouard Frossard 90300 CRAVANCHE
86869: Archives départementales de la Marne	2 bis rue de Jessaint, CS30454 - 51038 Châlons-en-Champagne, France
85063: National Center for Ecological Analysis and Synthesis	552 University Rd, Santa Barbara, CA 93106
85065: National Center for Atmospheric Research	1850 Table Mesa Dr, Boulder, CO 80305
85066: United States Geological Survey	Oak Ridge, TN 37831
73873: Ville de Paris	Place de l'Hôtel de Ville, 75196 Paris, France
60877: Archives départementales de la Nièvre	6 Rue Abbé Boutillier, 58000 Nevers, France
32149: Inoc Aquitania	Av. du Château d'Este, 64140 Billère, France
85069: SDSC OpenTopography Facility	9500 Gilman Dr, La Jolla, CA 92093
86071: University of California Merced	5200 Lake Rd, Merced, CA 95343
86072: UCSD Signaling Gateway	9500 Gilman Dr, La Jolla, CA 92093
86076: Fred Hutchinson Cancer Research Center	1100 Fairview Ave N, Seattle, WA 98109
86079: UCLA Department of Ecology and Evolutionary Biology	Los Angeles, CA 90095-1575
86080: Collaborative Research Computational Neuroscience Program	101 Sproul Hall, Berkeley, CA 94704
10987: University of Prince Edward Island	550 University Ave, Charlottetown, PE C1A 4P3, Canada
47881: Université Claude Bernard Lyon 1	43 Boulevard du 11 Novembre 1918, 69100 Villeurbanne, France
35227: Archives départementales des Landes	Avenue de Villeneuve, 40000 Mont-de-Marsan, France
86085: Partnership for Interdisciplinary Studies of Coastal Oceans	552 University Rd, Santa Barbara, CA 93106
22231: Archives départementales de l'Ain	1 Bd Paul Valéry 01000 Bourg-en-Bresse, France
86086: University of California Riverside	900 University Ave, Riverside, CA 92507
83449: Facultés Universitaires Notre-Dame de la Paix (Namur)	Rue de Bruxelles 61, 5000 Namur, Belgium
87268: Bourns College of Engineering	900 University Ave, Riverside, CA 92507
84246: California Coastal Atlas	9500 Gilman Dr, La Jolla, CA 92093
70453: Massage Therapy Association of British Columbia	1200 - West 73rd Avenue, Vancouver, BC V6P 6G5, Canada
90135: ONEShare Data Service	1312 Basehart Drive SE,  Albuquerque, NM 87131-0001
87270: Skaggs School of Pharmacy	9500 Gilman Dr, La Jolla, CA 92093
87272: UCSF Clinical and Translational Science Institute	530 Parnassus Ave, San Francsico, CA 94143
57457: Archives départementales du Loir-et-Cher	6 Place du Château, 41000 Blois, France
44803: Archives départementales de l'Oise	71 rue de Tilloy, 60024 Beauvais, France
87273: Washington State University	221 Holland, Pullman, WA 99164
87278: University of Utah	295 1500 E, Salt Lake City, UT
87279: Ocean Observatory Initiative	9500 Gilman Dr, La Jolla, CA 92093
31807: Open Commons Consortium	400 Lathrop Avenue, Suite 90, River Forest, IL 60305
87280: University of California Irvine	232 Ayala Science Library, PO BOX 19557, Irvine, CA 92623
87281: Johns Hopkins University	3400 N. Charles St., Baltimore, MD 21218
18811: Archives municipales de LYON	17 Rue du Dr Bouchut, 69003 Lyon, France
67033: Archives départementales de la Haute-Savoie	3 Passage de l'Île, 74000 Annecy, France
87285: Center for Multiscale Modeling of Atmospheric Processes	9500 Gilman Dr, La Jolla, CA 92093
54379: University of Alberta	Edmonton AB, T6G 2J8 CA
41383: Archives départementales du Cher	Rue Heurtault de Lamerville, 18000 Bourges, France
87286: Biocode Commons UC Berkeley	101 Sproul Hall, Berkeley, CA 94704
28387: Archives départementales de la Vienne	30 Rue des Champs Balais, 86000 Poitiers, France
15391: Archives municipales de Saint-Denis	1 Rue de la Légion d'Honneur, 93200 Saint-Denis, France
76609: Maison de l'Orient et la Méditerranée	5/7 rue Raulin, 69365 LYON, France
87290: University of Tennessee	1015 Volunteer Blvd, Knoxville, TN 37996
63955: Institut de recherche et d'histoire des textes	3 rue Michel-Ange - F-75794 Paris, France
50959: Digital Commonwealth	321 Walnut Street, Newton, MA 02460
37963: Archives départementales de la Mayenne	53000 Laval, France
24967: Archives départementales de la Lozère	12 avenue du Père Coudrin, 48000 Mende, France
11971: Archives départementales de l'Aveyron	25 avenue Victor Hugo, 12000 Rodez, France
73531: Archives départementales du Var	660 boulevard J.-F. Kennedy, 83300 Draguignan, France
87295: Center for Research in Biological Systems	9500 Gilman Dr, La Jolla, CA 92093
87297: UC Berkeley Department of Linguistics	101 Sproul Hall, Berkeley, CA 94704
60535: Archives départementales de Saône-et-Loire	196 Rue de Strasbourg, 71000 Маcon, France
47539: Archives départementales de la Haute-Loire	2 Rue de la Manecanterie, 43000 Le Puy-en-Velay, France
34543: Boston Public Library	700 Boylston St, Boston, MA 02116
87299: Museum of Vertebrate Zoology	101 Sproul Hall, Berkeley, CA 94704
21547: Biocode Commons	101 Sproul Hall, Berkeley, CA 94704
87300: UCSD School of Medicine, Department of Neurosciences, Mobley Lab	9500 Gilman Dr, La Jolla, CA 92093
87302: University of Michigan Libaries	801 Monroe St, Ann Arbor, MI 48104
70111: Hawaii State Archives	364 S. King Street, Honolulu, Hawai'i 96813
57115: Archives départementales de la Manche	place de la Préfecture, 50002 Saint-Lô, France
44119: Service des archives régionales de Wallonie	Place Joséphine-Charlotte 2, 5100 Namur, France
88113: Penn State Institutes of Energy & Environment/PSU Data Commons	201 Old Main, University Park, Pennsylvania 16802
31123: Fondation Maison des Sciences de l'Homme	190 avenue de France, 75013 Paris, France
18127: Archives départementales du Val-d'Oise	3 Rue Victor Hugo, 95300 Pontoise, France
79687: San Francisco Symphony	201 Van Ness Avenue, San Francisco, CA 94102
66691: Musée des Augustins	21 rue de Metz, 31000 Toulouse, France
53695: American Numismatic Society	75 Varick Street, New York, NY 10013
87919: Advanced Graphics Lab	552 University Rd, Santa Barbara, CA 93106
40699: Ministère de la Défense, Mémoire des hommes	60, boulevard du Général Martial Valin, CS 21623 - 75 509 Paris, France
87920: Cyberinfrastructure for Atomistic Materials Science	Rhines Hall, Gainesville, FL 32611-6400
27703: US Environmental Protection Agency	1200 Pennsylvania Avenue, N.W., Washington, DC 20460
15049: Archives départementales du Morbihan	22 Rue des Chanoines, 56000 Vannes, France
87922: Institute of Transportation Studies, UC Berkeley	101 Sproul Hall, Berkeley, CA 94704
76267: Lafayette College Libraries	710 Sullivan Road, Lafayette College, Easton, PA 18042-1797
87924: Duke University	411 Chapel Drive, Durham, NC 27708
63271: Archives départementales de l'Aisne	Rue du Cloître, 02000 Laon, France
87925: University College Dublin	Belfield Dublin 4, Ireland
50275: Archives départementales des Vosges	Place Saint-Goery, 88000 Épinal, France
87928: Berkeley Research IT	101 Sproul Hall, Berkeley, CA 94704
37279: Archives départementales de l'Hérault	1000 rue d'Alco, 34087 Montpellier, France
24625: Archives municipales d'Orléans	Place Sainte-Croix, 45000 Orléans, France
11629: Universidad Nacional de Costa Rica	Avenue 1 Calle 1, Heredia 86-3000, Costa Rica
72847: Archives départementales du Puy-de-Dôme	63870 Orcines, France
59851: Fundación Biblioteca Virtual Miguel de Cervantes	Plaza de Manuel Gómez Moreno, n.º 2, 28020 MADRID, Spain
46855: Languedoc-Roussillon Council	201 avenue de la Pompignane, 34064 Montpellier, France
34201: Bibliothèque publique d'information	1 Rue Beaubourg, 75004 Paris, France
21205: Archives municipales de Porto Vecchio	Quai Pascal Paoli, 20137 Porto-Vecchio, France
69427: Complex Systems Digital Campus	7, place de Fontenoy, Paris, France
56431: Archives départementales de l'Yonne	37, rue Saint-Germain - 89000 Auxerre, France
43777: Otolaryngology Online Journal	154 Chestnut Creek Road, Candler, NC 28715, USA
79003: Archives de Saint-Etienne	42000 Saint-Étienne, France
87932: Berkeley Seismological Laboratory	101 Sproul Hall, Berkeley, CA 94704
66007: Archives départementales d'Eure-et-Loir	16 Cloître Notre Dame, 28000 Chartres, France
53353: Archives du Musée Picasso	5 rue de Thorigny, 75003 Paris, France
40357: Archives départementales de Tarn-et-Garonne	82000 Montauban, France
27361: James Madison University	800 S Main St, Harrisonburg, VA 22807
14365: Colectica - Statistical Data Management	1428 Washington Ave S STE 203, Minneapolis, Minnesota
75583: Archives départementales des Ardennes	08000 Charleville-Mézières, France
87936: Washington University in St. Louis	St. Louis MO 63130
62929: Institut National de Physique Nucléaire et de Physique des Particules du CNRS	3 rue Michel-Ange - F-75794 Paris, France
49933: Archives départementales de l'Ille-et-Vilaine	Rue du Recteur Paul Henry, 35043 Rennes, France
36937: Archives départementales des Yvelines	Place d'Armes, 78000 Versailles, France
87940: UCSB Writing Program	552 University Rd, Santa Barbara, CA 93106
23941: University of Southern California	651 W 35th St, Los Angeles, CA 90089
10945: AsWeGrow	11 Sangora Rd, SW11 1RL, London, UK
72505: Université Lille	Rue du Barreau, 59650 Villeneuve-d'Ascq, France
59509: PharmaTutor	154 Chestnut Creek Road, Candler, NC 28715, USA
87941: Lawrence Berkeley National Laboratory	101 Sproul Hall, Berkeley, CA 94704
46513: Sciences Po	27, rue Saint-Guillaume, 75007 Paris, France
87942: CLIVAR and Carbon Hydrographic Data Office	9500 Gilman Dr, La Jolla, CA 92093
87943: LBNL OpenMSI	101 Sproul Hall, Berkeley, CA 94704
33517: Grains Research and Development Corporation	4, East Building,4 National Circuit, Barton ACT 2600, Australia
20521: Cité des Sciences et de l'industrie	30 Avenue Corentin Cariou, 75019 Paris, France
69085: Assemblée Nationale	33 Quai d'Orsay, 75007 Paris, France
56089: Cité Numérique de la Méditerranée	5, rue du Château de l'horloge, BP 647, 13094 Aix-en-Provence, France
87946: iPlant Collaborative	1657 East Helen St, Tucson, AZ 85721
85140: University of California Davis	100 NW Quad, Davis, CA 95616
85141: UC Davis, Social Science Data Service	100 NW Quad, Davis, CA 95616
85142: Utah State University	3000 Old Main Hill, Logan, UT 84322
43093: Equipex Biblissima	20 Avenue George Sand, 93210 Saint-Denis, France
30097: Archives municipales d'Armentières	26 Avenue Aristide Briand, 59280 Armentières, France
17102: Canadian Writing Research Collaboratory	Edmonton AB, T6G 2J8 CA
78661: College of American Pathologists	325 Waukegan Road, Northfield, IL 60093-2750
65665: National Museum of Natural History, Smithsonian Institution	Washington DC 20013-7012
52669: Archives départementales de la Meuse	26, route d'Aulnois, BP 50532, 55 012 Bar-le-Duc, France
39673: Archives départementales de l'Ardèche	6000 Boulevard de la Chaumette, 07000 Privas, France
26678: Fédération et Ressources sur l'Antiquité	133, boulevard Davout - 75020 Paris, France
85147: iDASH Repository	9500 Gilman Dr, La Jolla, CA 92093
88114: Purdue Polytechnic Institute	610 Purdue Mall, West Lafayette, IN 47907
14023: Revista de Arte, Ciência e Comunicação	Rua Gago Coutinho, 2615-086 Alverca, Lisboa, Portugal
75241: Archives municipales de Bordeaux	Place de la Comédie, 33000 Bordeaux, France
62245: Archives municipales de Rueil-Malmaison	13 Boulevard du Maréchal Foch, 92500 Rueil-Malmaison, France
49249: Archives municipales de Saint Brieuc	1 Place Général de Gaulle, 22000 Saint-Brieuc, France
36254: Muséum d'Histoire Naturelle de Toulouse	21 rue de Metz, 31000 Toulouse, France
83022: DataMares	9500 Gilman Dr, La Jolla, CA 92093
23599: Archives départementales des Hautes-Alpes	1 Porte de Pignerol, 05100 Briançon, France
10603: Instituto de Etnomusicologia - Centro de Estudos em Música e Dança, Faculdade de Motricidade Humana	Ave. de Berna, 26 C, 1069-061 Lisbon, Portuga
71821: Archives départementales de Maine-et-Loire	4 Rue Larrey, 49100 Angers, France
45830: Bibliothèque Nationale du Royaume du Maroc	Avenue Ibn Khaldoun, Rabat, Morocco
83024: Dartmouth College Library	6025 Baker Library, Hanover, NH 03755
33175: Archives départementales de Meurthe et Moselle	24 Rue Lionnois, 54000 Nancy, France
83025: National University of Ireland, Galway	University Road, Galway, Ireland
20179: Bibliothèque numérique de Roubaix	2 Rue Pierre Motte, 59100 Roubaix, France
68401: Archives municipales de Villeurbanne	43 Boulevard du 11 Novembre 1918, 69100 Villeurbanne, France
55406: Archives municipales de Blois	6 Place du Château, 41000 Blois, France
58825: Archives départementales des Deux-Sèvres	Place Pierre Semard, 79000 Niort, France
85779: Berkeley Law Library	101 Sproul Hall, Berkeley, CA 94704
42751: Archives départementales de l'Aube	131, rue Etienne Pédron, 10000 Troyes, France
85788: UCSB Climate Hazards Group, Dept of Geography	552 University Rd, Santa Barbara, CA 93106
29755: Bibliothèque municipale de Valenciennes	2 Rue Ferrand, 59300 Valenciennes, France
85782: Drug Design Data Resource	9500 Gilman Dr, La Jolla, CA 92093
85786: University of Wyoming Libraries	1000 E. University Ave. Laramie, WY 82071
16759: Sprint Investify	Sibiu 557260, Romania
77977: Archives départementales de la Haute-Saône	2 Rue Gevrey, 70000 Vesoul, France
64982: Archives départementales des Hautes-Pyrénées	2 Rue Georges Ledormeur, 65000 Tarbes, France
75788: Montana State University	Bozeman MT 59717
52328: Archives Départementales de la Haute-Vienne	123 Avenue Albert Thomas, 87000 Limoges, France
39332: Archives de la Ville et de l'Eurométropole de Strasbourg	32 avenue du Rhin, 67076 Strasbourg, France
26335: Archives départementales de l'Eure	2, rue de Verdun, 27025 Evreux, France
99160: Office International de l'Eau	21 rue de Madrid, 75008 PARIS, France
87602: Morphosource Project	411 Chapel Drive, Durham, NC 27708
13339: Archives départementales de la Sarthe	2 Place Saint Michel, 72000 Le Mans, France
87603: Texas Advanced Computing Center	10100 Burnet Rd, Austin, TX 78758
87607: Chicago Collections Consortium	2350 N Kenmore Ave, 116-D, Chicago, IL 60614
87610: UTA Institute of Classical Archaeology	701 S Nedderman Dr, Arlington, TX 76019
74558: Archives municipales de Laval	6, place des archives - 53000 Laval, France
61904: Archives départementales de la Charente	24 Avenue Gambetta, 16000 Angoulême, France
48908: Archives municipales de Béziers	3 Carrefour de l'Hours, 34500 Béziers, France
35911: IEEE Publishing Technology	3 PARK AVENUE, 17TH FLOOR, NEW YORK, N.Y. 10016-5997
22915: The Silent Film Sound & Music Archive	2211 College View Dr., Redding, CA 96003
71480: Espace Mendès France	1 Rue de la Cathédrale, 86038 Poitiers, France
87908: UC San Diego Department of Biomedical Informatics	9500 Gilman Dr, La Jolla, CA 92093
58484: Archives Départementales des Alpes de Haute Provence	ZI St Christophe Route de Marseille, 04000 Digne-les-Bains, France
45487: Российский Лингвистический Бюллетень	Ekaterinburg, 620137, Russia
77913: Miami Project to Cure Paralysis	1300 Memorial Drive, Coral Gables FL 33134
32491: Archives de la ville de Romans	Romans-sur-Isère 26100, France
19495: Ohio Supercomputer Center	1224 Kinnear Road, Columbus, Ohio 43212
77914: Caltech Archives	1200 E. California Blvd. Pasadena, CA  91125-3200
68060: Andrews University	8753 University Blvd, Berrien Springs, MI 49104
55063: Médiathèques du Grand Dole	2 Rue Bauzonnet, 39100 Dole, France
87915: Center for Nanotechnology in Society	552 University Rd, Santa Barbara, CA 93106
42067: Archives de la Loire Atlantique	Nantes, France
29071: Universitatea de Vest din Timişoara	Bulevardul Vasile Pârvan 4, Timișoara, Romania
87918: Drexel University Libraries	3300 Market St., Philadelphia PA 19104
88115: Laboratory for Basic and Translational Cognitive Neuroscience	100 NW Quad, Davis, CA 95616
88118: Geotechnical Extreme Events Reconnaissance	101 Sproul Hall, Berkeley, CA 94704
16076: Sanglap: Journal of Literary and Cultural Inquiry	Buxa Feeder Road, Alipurduar, West Bengal 736121, India
88119: Facebase Consortium	4674 Admiralty Way, Marina del Rey, CA 90292
88120: USC ISI Informatics Systems Research Division	4674 Admiralty Way, Marina del Rey, CA 90292
77636: Archives Municipales Aix En Provence	13100 Aix-en-Provence, France
64639: Biblioteca Digitale Ligure	Via Fieschi 17 - piano U2, I-16121 Genova GE, Italy
51643: Institute for Research in Classical Philosophy and Science	1077-3 Kerrimuir Road, Baysville, ON P0B 1A0, CANADA
38647: Bibliography on the Architecture of Ancient Theater	7 rue Raulin - 69365 Lyon, France
25652: École nationale supérieure des mines de Paris	60 Boulevard Saint-Michel, 75006 Paris, France
12998: Société archéologique de Namur	Jardin du Cloître Marie d'Oignies, Rue de Fer 35, 5000 Namur, France
87211: Laboratoire de Recherche des Monuments Historiques	29 rue de Paris, 77420 - Champs-sur-Marne, France
74215: Service Ressources patrimoniales et culturelles du département de l'Ain	1 Bd Paul Valéry 01000 Bourg-en-Bresse, France
61219: Mappemonde	74 rue Louis Pasteur, 84029 Avignon, France
48223: United Nations Educational, Scientific and Cultural Organization	UNESCO, New Delhi, Delhi 110029, India
88431: Energy Analysis and Environmental Impacts	101 Sproul Hall, Berkeley, CA 94704
35228: Université de Haute-Alsace	18 Rue des Frères Lumière, 68090 Mulhouse, France
88436: Southern California Ocean Observing System	9500 Gilman Dr, La Jolla, CA 92093
88437: Coastal Data Information Program	9500 Gilman Dr, La Jolla, CA 92093
22574: Archives Départementales de la Vendée	29 Rue Delille, 85000 La Roche-sur-Yon, France
83791: Archives municipales de Saumur	6 Avenue Georges Thoreau, 49400 Saumur, France
70795: Bibliothèque nationale de Luxembourg	37 bd F-D Roosevelt, 2450 Luxemburg, Luxembourg
88734: Joint Center for Artificial Photosynthesis in Chemical Sciences Division	1200 E. California Blvd. Pasadena, CA  91125-3200
57799: bioCADDIE	500 Gilman Drive, La Jolla, CA  92092-0608
44804: Université de Caen Normandie	Espl. de la Paix, 14032 Caen, France
32150: Durham University Library	Palace Green, Durham DH1 3RN, United Kingdom
19154: Durham Cathedral Library	The College, Durham DH1 3EH, United Kingdom
80371: Ushaw College Library	Stockton Road, Durham, DH1 3LE, UK
80352: UCLA Civil and Environmental Engineering	Los Angeles, CA 90095-1575
80353: UC Observatories	1156 High St, Santa Cruz, CA 95064
80354: Berkeley Linguistics Society	101 Sproul Hall, Berkeley, CA 94704
67375: Institut de l'information scientifique et technique	2 Allée du Parc de Brabois, 54500 Vandœuvre-lès-Nancy, France
80358: LBNL Climate & Ecosystems Science Division	101 Sproul Hall, Berkeley, CA 94704
81220: College of William & Mary Libraries	College of William & Mary Libraries, Williamsburg, VA 23187-8794
54380: Bibliothèque Municipale d'Angers	49 Rue Toussaint, 49100 Angers, France
41726: Eclair Preservation S.A.S.	70 Rue Jean Bleuzen, 92170 Vanves, France
28730: Programa de Pós-Graduação em Design - Universidade Federal do Rio Grande do Sul	Av. Osvaldo Aranha, 99 - Centro Histórico, Porto Alegre - RS, Brazil
15733: Bibliothèque Interuniversitaire de la Sorbonne	17 Rue de la Sorbonne, 75005 Paris, France
89947: Archives Municipales de la ville de Château d'Olonne	28 Rue du Pré Etienne, 85180 Le Château-d'Olonne, France
76951: Southern Philippines Medical Center	J.P. Laurel Avenue, Bajada, Davao City, Philippines 8000
63956: Archives de Monaco	98015, Monaco
51302: Archives départementales de la Loire	2 rue Charles de Gaulle, 42000 Saint-Étienne, France
38306: Archives nationales de France	59, rue Guynemer, 93393 Pierrefitte-sur-Seine, France
81224: UC San Diego Philosophy Dept.	9500 Gilman Drive #0119 La Jolla CA 92023
81228: UCSD Metabolomics Workbench	9500 Gilman Drive #435  La Jolla, CA 92093
81229: UCSB ECE Dept Mostofi Lab	Harold Frank Hall 4155  Dept of ECE  UCSB  Santa Barbara, CA 93106
25309: Woodbury University School of Architecture	7500 N Glenoaks Blvd, Burbank, CA 91504
12313: Hachette Livre	58, rue Jean Bleuzen, 92170 Vanves, France
81238: UCSD Scripps Spray Plotting	9500 Gilman Dr, La Jolla, CA 92093
86527: Maskott	21 avenue des Belges, 43000 Le Puy en Velay, France
73532: ITOP éducation	Route de l'Orme des Merisiers - Parc des Algorithmes, Immeuble Platon - 91190 Saint-Aubin, France
60878: eduMedia	8 rue Borie, 33300 Bordeaux, France
81239: Marine and Coastal Research Institute of Columbia	Calle 25 No. 2-55, Playa Salguero, Santa Marta, Colombia
47882: Cabrilog SAS	122 avenue du Vercors, 38600 Fontaine, France
34885: Encyclopædia Universalis	88 ter avenue du Général Leclerc, 92100 Boulogne-Billancourt, France
21889: Editis Pôle Éducation & Référence	30 Place d'Italie, Paris, France
83108: Toulon Provence Méditerranée	107 Boulevard Henri Fabre, 83000 Toulon, France
70454: Association Sésamath	1350 Route des fruitiers - Les Planards - 26600 Erôme - France
81418: UCB Geotechnical Engineering Research	Davis Hall, UC Berkeley, Berkeley CA 94720
57458: Saint-Gobain	18 Avenue d'Alsace, 92400 Courbevoie, France
44461: Remix the Manuscript	210A Reed Hall  Hanover, NH 03755
81422: UCSD Scripps Project IDA, Inst. for Geophysics and Planetary Physics	9500 Gilman Drive #0225   La Jolla, CA 92023-0225
31465: Médiathèque du Grand Troyes	7 rue des Filles Dieu, 10088 Troyes Cedex, France
81423: Texas A&M University Libraries	Sterling C. Evans Library  5000 TAMU  College Station, TX 77843-5000
81424: Earth Research Institute	UC Santa Barbara, Santa Barbara, CA 93106-3060
18469: Paris Sciences et Lettres	33 rue Censier - 75005 Paris, France
80030: Journal of Mechanical Engineering and Biomechanics	43 Chandi Ki Taksal, Jaipur, India
81431: University of Pennsylvania Libraries	3420 Walnut St  Philadelphia, PA  19104-6206
67034: University of Michigan Medical School DLHS-DLKS	300 North Ingalls Street, 11th Floor, Suite 1161
54037: Institut national de l'audiovisuel	4 avenue de l'Europe, 94366 Bry-sur-Marne Cedex
41041: Archives de la Métropole Européenne de Lille	1, rue du Ballon, CS 50749 59034 Lille, France
28045: Communauté d'agglomération de Mantes-en-Yvelines	Rue des Pierrettes, 78200 Magnanville, France
15050: University of Arizona Libraries	1510 E University Blvd, Tucson, AZ 85719
81968: University of Wisconsin German Program	University of Wisconsin, Madison, WI 53706
89606: Éditions JOCATOP	950 Route de Réalpanier, 84310 Morières-Les-Avignon, France
76610: Archives nationales de Luxembourg	Plâteau du Saint-Esprit, L-1475 Luxembourg
63613: Euro France Médias	172 Grande Rue 92380, Garches, FRANCE
50617: Société de l'Histoire du Protestantisme Français	54 Rue des Saints-Pères, 75007 Paris
81972: UCSB English Department	University of California, Santa Barbara, CA 9316-3170
37621: Archives départementales d'Indre-et-Loire	6 rue des Usulines 37000 Tours
24626: Archives départementales de la Drôme	14 Rue de la Manutention, 26000 Valence, France
81973: University of California Natural Reserve System	UC Natural Reserve System  1111 Franklin Ave, 6th Floor Oakland, CA 94607
11972: Archives départementales du Tarn	1 Avenue de la Verrerie 81013 ALBI Cedex 9
86186: Centre Régional des Lettres	Unicité - 14 rue Alfred Kastler CS 75438 - 14054 Caen Cedex 4
73189: Data Archiving and Networked Services	Anna van Saksenlaan 51, 2593 HW Den Haag, Netherlands
60193: Médiathèque de Bayonne	10 rue des Gouverneurs, 64100 Bayonne, France
81976: Climate, Atmospheric Science and Physical Oceanography	9500 Gilman #0230  La Jolla, CA 92093-0230
47197: Médiathèque de la Ville de Cannes	1, Avenue de Jean de Noailles, 06400 Cannes, France
34202: Center for Sustainability Research and Consultancy	Multan 60000, Punjab, Pakistan
21548: Ecole Nationale Supérieure d'Arts et Métiers	151 boulevard de l'Hôpital, 75013 PARIS, France
82765: Cadmos	40 rue Armand Carel, 74019 Paris, France
69769: Archives du Musée du quai Branly Jacques Chirac	222 rue de l'Université 75007 PARIS
56773: Journal of Zoology Studies	Sector-7, Rohini, Delhi-110085, India
81984: University of Illinois at Chicago	801 S. Morgan, Chicago, IL 60607
43778: Archives départementales de la Dordogne	9, rue Littré 24000 Périgueux
31124: Bibliothèques de Nancy	43, rue Stanislas 54000 Nancy
18128: Bibliothèque multimédia intercommunale d'Epinal	48 rue Saint-Michel 88000 Epinal, France
79345: Bibliothèques-Médiathèques de Metz	1 cour Elie Fleur 57000 METZ
66349: Bibliothèque municipale de Grenoble	12, boulevard Maréchal Lyautey, BP 1095, 38021 Grenoble Cedex 1, France
53354: Musée gallo-romain de Lyon	17 rue Cléberg, 69005 Lyon, France
81985: Northwestern University	1970 Campus Dr.  Evanston, IL 60208
40700: Archives départementales des Bouches du Rhône	18-20 Rue Mirès, 13003 Marseille
27704: Lelivrescolaire.fr Editions	14 Rue Rhin et Danube, 69009 Lyon, France
81986: SDSC Center for Applied Internet Data and Analysis	9500 Gilman #0505  La Jolla, CA 92093-0505
14707: Bibliothèque de Documentation internationale contemporaine	6 allée de l'Université, 92001 NANTERRE Cedex
75925: Mark and Mary Stevens Neuroimaging and Informatics Institute	2025 Zonal Ave., Los Angeles, CA 90033
62930: University of Nevada, Las Vegas University Libraries	4505 S. Maryland Parkway, Las Vegas, NV 89154
50276: France Televisions	France Télévisions Education, esplanade Henri de France, 75015 Paris, France
37280: Tropy	8300 Boone Blvd, Suite 500, Vienna VA 22182
81222: UCLA Dept of Civil & Environmental Engineering - Geotechnical Engineering Research Group	University of California, Los Angeles, CA 90095-1593
24283: University of Florida Interdisciplinary Center for Biotechnology Research	UF ICBR, 2033 Mowry Rd, Gainesville, FL 32610
11287: Bibliothèque de l'observatoire de Paris	61 avenue de l'Observatoire 75014 Paris
72506: Archives départementales du Finistère	5 allée Henri Bourde de la Rogerie 29000 Quimper. FRANCE
86084: Blavatnik Archive Foundation	1633 Broadway, 4th Floor, New York, NY 10019
83011: Musée de Bretagne	46 boulevard Magenta, CS 51318, 35011 Rennes Cedex, France
59852: Médiathèque Puzzle	1 Place Malraux 57100 Thionville, France
85335: Michigan State University Libraries	366 W. Circle Dr.  East Lansing, MI 48824
46856: CNRS Images	1 place Aristide Briand, 92190 Meudon, France
33859: ARTE France Développement	8 rue Marceau 92785 Issy les Moulineaux cedex 9
20863: ARTE France	8 rue Marceau 92785 Issy les moulineaux Cedex 9, France
69428: Literati	Republicii 202, Comarnic, Prahova, ROMANIA
56432: Institut national du sport, de l'expertise et de la performance	11 avenue du Tremblay, 75012 Paris, France
43435: Cité de l'architecture et du patrimoine	1, place du Trocadéro et du 11 Novembre - 75016 PARIS - France
30439: Archives départementales de l'Indre	1 Rue Jeanne d'Arc, 36000 Châteauroux, France
17443: Fondation La main à la pâte	43 rue de Rennes, 75006 Paris, France
79004: Institut National de l'Information Géographique et Forestière	73 Avenue de Paris 94165 Saint-Mande CEDEX, FRANCE
66008: Musée de l'Armée	129 rue de Grenelle, 75007 Paris
53011: Philadelphia Museum of Art	PO Box 7646, Philadelphia, PA 19101-7646
40015: edulib	5 allé de la 2nd DB, 75015 PARIS, FRANCE
27019: Educlever	59 Rue Benoît Malon, 94250 Gentilly, France
14024: Ville de Liège - Département de la Culture, des Musées et du Tourisme	136 En Feronstrée, Liège, 4000, Belgium
75584: Bibliothèque municipale de Lyon	30 boulevard Vivier-Merle, 69003 Lyon, FRANCE
77916: Médiathèques d'Orléans	1, place Gambetta, CS 74311 / 45043 Orléans, cedex 1, France
62587: The Kyoto University Museum	Yoshida-Honmachi, Sakyo-ku, Kyoto, 606-8501, Japan
49591: Effios	76 avenue de Passy, 75016, Paris, FRANCE
36595: Archives Départementales du Jura	Impasse des Archives, 39570, Montmorot, FRANCE
23600: Office français de protection des réfugiés et apatrides	201 rue Carnot, 94136 Fontenay-sous-bois cedex, France
10946: Musée des Beaux-Arts de Rennes	20 Quai Émile Zola, 35000, Rennes, France
72163: Data and Service Center for the Humanities	c/o Digital Humanities Lab, University of Basel, Bernoullistrasse 32, CH-4056 Basel, Switzerland
86073: American University of Beirut, University Libraries	Riyad El-Solh, Beirut 11072020 LEBANON
59167: Journal of Philosophical Criticism	Piazza Dante, 32, University of Catania, 95124, Catania, Italy
46171: Universidad Nacional Autonoma de México campus Morelia	Antigua Carretera a Pátzcuaro 8701, Ex-Hacienda de San José de La Huerta, 58190 Morelia, Mich, Mexico
33176: Archives de l'Université catholique de Louvain	3 Place Montesquieu - L2.06.03, Louvain-la-Neuve, B-1348, Belgium
20522: Archives départementales du Loiret	Cité Administrative Coligny, 131 rue du faubourg Bannier, 45000 ORLEANS, France
68743: Tunisian National Library	1008 Boulevard du 9 Avril 1938, Tunis, Tunisia
55747: Fédération Départementale des Musées d'Agriculture et du Patrimoine Rural en Loire-Atlantique	81 rue Anne de Bretagne 44360 Vigneux-de-Bretagne, France
86074: Zapruder World	Santa Barbara, California 93106
42752: Centre National d'Enseignement à Distance	Futuroscope, France
30098: Bibliothèque municipale de Périgueux	12 avenue Georges Pompidou, 24000 Périgueux, France
17103: Université Côte d'Azur	Université Nice Sophia Antipolis, 06101 Nice Cedex 2, France
78320: Bibliothèque Municipale à Vocation Régionale de Nice	1 avenue Saint Jean Baptiste, 06364 Nice Cedex 4, France
65324: Japan Association for Language Teaching, Critical Thinking Special Interest Group	Urban Edge Bldg 5F, 1-37-9 Taito, Taito-ku, Tokyo 110-0016, Japan
52329: Archives départementales du Calvados	61 rue de Lion-sur-Mer, 14000 Caen, France
39674: Établissement de Communication et de Production Audiovisuelle de la Défense	2/8 Route du Fort, 94205 Ivry-sur-Seine, France
26679: Bureau de Recherches Géologiques et Minières	BRGM, 3 avenue Claude-Guillemin - BP 36009, 45060 Orléans Cedex 2, France
13682: Archives de Nîmes	Archives Municipales, 22 bis Rue Pradier, 30000 Nîmes, France
74900: Archives municipales de Lille	Hôtel de Ville, Place Augustin Laurent, BP 667, 59033 Lille Cedex, France
61905: Institut International de la Marionnette	7 Place Winston Churchill, 08000 Charleville-Mezieres, France
49250: Cité de la musique - Philharmonie de Paris	221 avenue Jean-Jaurès, 75019, Paris, France
36255: Réunion des musées nationaux - Grand Palais	254 rue de Bercy, 75012 Paris, France
23258: Agence France Presse	11-13 Place de la Bourse, 75002 PARIS, FRANCE
87292: Iowa State University	University Library  701 Morrill Rd., Ames, IA  50011-2101
10262: Médiathèque François-Mitterrand Poitiers	4 rue de l'Université, CS 70619, 86022, Poitiers, France
71481: Archives municipales de Fontainebleau	Archives municipales de Fontainebleau, 40 rue Grande, 77300 Fontainebleau, France
58826: Humensis	170 bis, boulevard du Montparnasse CS 20012, 75680, Paris cedex 14, France
45831: Ruhr Universität Bochum	Universitätsstr. 150, IT.SERVICES, Ruhr-Universität Bochum, 44801 Bochum, Germany
32834: Quantiply Corporation	333 West San Carlos Street, Suite 1650, San Jose, CA 95113
19838: Cahiers de la Haute-Loire	4 Avenue de Meschede, 43000 Le Puy-en-Velay, France
68402: Unit Research - Research, Enterprises and Decision	GABES, TUNISIA
42410: Varepsilon Ltd	34 Rishki Prohod, et. 8, ap. 35, Shumen, Bulgaria
29414: Institut Mémoires de l'édition contemporaine	Abbaye d'Ardenne, 14280 Saint Germain la Blanche Herbe, France
16418: La Fabrique de patrimoines en Normandie	9 rue Vaubenard, 14000 Caen, France
77978: Archives départementales du Lot	218 Rue des Cadourques, 46000 Cahors
55407: Global Politics Review	Via Palmieri 25, 10138, Torino, Italy.
64983: AJLSM	17 Rue Vital Carles, 33000 Bordeaux, France
51986: LBNL ETA Building Tech and Urban Systems	1 Cyclotron Road  Berkeley, CA 94720  MSn90R3111
38990: Archives municipales de Chalon-sur-Saône	16 rue de la jonchère - 71880 Chatenoy-le-Royale
87287: UCD Online Strategies	Davis, California
25994: Explorateur de Métiers	12 rue jacques kable, 94130 Nogent-sur-marne France
12999: Archives Municipales de Landerneau	(Médiathèque Per Jakez Hélias) 1 Rue de la Petite Palud, 29800 Landerneau, France
74559: Archives de Rennes	18 avenue Jules-Ferry, 35700 Rennes, France
81428: Dartmouth Virtual Basilica	HB 6033  Dartmouth College, Hanover, NH 03755
88736: Dartmouth Thayer Instructional Labs	14 Engineering Drive, Dartmouth College, Hanover, NH 03755
61562: Bibliothèque Mazarine	23 quai de Conti, 75006 Paris, France
48566: Pearltrees	131 boulevard de Sebastopol 75002 Paris, France
35570: Château de Versailles	1 rue de l'indépendance américaine, 78000 Versailles, France
22575: Archives départementales de la Creuse	30 Rue Franklin Roosevelt, 23000 Guéret, France
71138: Archives départementales du Val-de-Marne	10 Rue des Archives, 94000 Créteil, France
84135: Punctum Books	962 West Campus Lane  Goleta, California 93117
58142: Université Paris-Est Marne-la-Vallée	5 Boulevard Descartes, 77420 Champs-sur-Marne, France
45146: Le Génie Editeur	38 avenue Jean Jaurès, 73000 Chambéry, France
32151: English Attack!	75 rue de Lourmel, 75015 Paris, France
19496: Edumalin	188 rue la Fayette, 75010 Paris, France
67718: SpeakShake	36 rue de l'Amiral Hamelin, 75116 Paris, France
54722: Naturalis Biodiversity Center	Vondellaan 55, 2332 AA Leiden, Netherlands
88737: Duke Visible Thinking	905 West Main Street, Suite 25B, Durham, NC 27701
41727: MatchWare	311 South Brevard Ave., Tampa, FL 33606-2205, USA
29072: Bodleian Libraries, University of Oxford	Bodleian Libraries, Broad Street, Oxford OX1 3BG, UK
16077: Institut du Monde Arabe	1, rue des Fossés Saint-Bernard, Paris cedex 05, France
77294: Génération 5	82 rue du Bon Pasteur, 73000 CHAMBERY, France
81416: UCI PECE project	Dept. of Anthropology, 3151 Social Sciences Plaza, UC Irvine, Irvine, CA 92697
64298: Institut national de recherches archéologiques préventives (Inrap)	121 rue d'Alésia CS 20007, 75685, Paris cedex 14, France
51303: Delta Expert	20 rue Lavoisier, 95300 Pontoise, FRANCE
25653: Anaphore	3 ter chemin de la Fontaine, 13370 Barbentane, France
12656: PRO-Economics	18 M.Zhukova St., Odintsovo, 143003, Russia
80359: UCSD Center for Computational Mass Spectrometry	9500 Gilman Drive   EBU3B   La Jolla CA 92093
73874: NASA JPL	4800 Oak Grove Drive, Pasadena, CA 91009
60879: Archives Nationales du Monde du Travail	78 Boulevard du Général Leclerc, 59100 Roubaix, France
48224: PIX	156, Bd Haussmann, 75008 Paris, France
35229: SCM Journals	3558 65th St. Apt. 1H Woodside, New York 11377-2311
22232: Médiathèque de l'Architecture et du Patrimoine	11 rue du Séminaire de Conflans 94220 Charenton-le-Pont, France
70455: Revista de Estudios Latinoamericanos sobre Reducción del Riesgo de Desastres	Pucará 4735, Santiago 7790421, Chile
57800: CEDROM-SNI	825 avenue Querbes, Outremont, H2v 3X1, Canada
44805: Archives de la Haute-Garonne	11 Boulevard Griffoul Dorval, 31400 Toulouse, France
31808: Archives départementales du Gard	365, rue du Forez, Nîmes, 30000, France
18812: Archives départementales de la Charente-Maritime	35 Rue François de Vaux de Foletier, 17000 La Rochelle, France
87909: UCLA Library Data Science Center	UCLA - Young Research Library, 280 Charles Young Drive, Los Angeles, CA 90095-1575
85781: UC Davis Online Strategies	UC Davis Library, 100 NW Quad, University of California Davis, Davis, CA 95616
67376: NEOTIS	11 rue alienor, 17220, Bourgneuf, France
54381: Escuela de Ciencias de la Ingeniería y Tecnología, Universidad Autónoma de Baja California	Blvd Universitario 1000 Unidad Valle de las Palmas, Tijuana, Baja California, Mexico
41384: Editions BPI - Best Practice Inside	75 allée des parfumeurs, 92000 Nanterre, France
28388: Archives municipales de Saint-Nazaire	Hotel de ville, Place François Blancho, 44606 Saint-Nazaire Cedex, France
15392: CFDT - Service des archives	49 avenue Simon Bolivar, 75019, Paris, France
76952: Projet Voltaire	6, avenue Sidoine-Apollinaire, 69009 Lyon, France
63957: Archives de la Ville de Chelles	Mairie de Chelles, Parc du Souvenir, Emile Fouchard, 77505, Chelles cedex, France
50960: Archives municipales de Belfort	2 rue de l'ancien théâtre, 90000 BELFORT, France
87296: Dartmouth Spatial Archaeometry Lab	Silsby Hall, Dartmouth College, Hanover, NH 03755
37964: Office des archives de l'Etat de Neuchâtel	Le Château, Rue de la Collégiale 12, 2000 Neuchâtel, Switzerland
24968: Bibliothèque de la Ville de La Chaux-de-Fonds	Rue du Progrès 33, 2303 La Chaux-de-Fonds, Switzerland
11973: Bibliothèque publique et universitaire de Neuchâtel	Place Numa-Droz 3, 2000 Neuchâtel, Switzerland
73533: Bibliothèque municipale de Nantes	15 rue de l'Héronnière, 44000 NANTES, FRANCE
60536: docuteam	Im Langacker 16, 5405 Baden, Switzerland
47540: University of Colorado Boulder	1720 Pleasant Street, Boulder, CO 80309
34544: Saint-Nazaire Agglomération Tourisme	3 boulevard de la légion d'honneur, Saint-Nazaire, BP 173, France
21549: Phoebe A. Hearst Museum of Anthropology	102 Kroeber Hall, #3712, Berkeley, CA 94720
70112: Musée national du Sport	Bd des Jardiniers - Stade Allianz Riviera, 06203 Nice, France
57116: Institute of Control, Robotics and Information Engineering (Poznan University of Technology)	ul. Piotrowo 3a, 60-965 Poznan, Poland, Faculty of Electrical Engineering
44120: Centre for Astronomical Heritage	14 Mount Grace, Somerset Ridge, Cape Town, South Africa, 7130
31125: ESCP Europe Bibliothèque du campus de Paris	79 avenue de la République, 75011 Paris, France
18470: Office National d'Information Sur les Enseignements et les Professions - ONISEP	12 mail Barthélémy Thimonnier CS10450 Lognes 77437 Marne-la-Vallée cedex 2 FRANCE
79688: Educagri Editions	26 boulevard Petitjean, Dijon, 21079, France
66692: Service Interétablissement de la Documentation, Université Grenoble Alpes	Bibliothèques Universitaires Grenoble Alpes, 1130 avenue Centrale, 38400, Saint-Martin-d'Hères, France
53696: Virginia Polytechnic Institute and State University Libraries	560 Drillfield Dr, Blacksburg, VA 24061
87293: UC Davis Archives and Institutional Assets	Davis, California
40701: Musée Médard	71 place des Martyrs de la Résistance, 34400 Lunel, France
28046: DECALOG	1244 rue Henri Dunant, 07500 Guilherand-Granges, France
88434: Madmagz	157 boulevard Macdonald, 75019 Paris, France
81221: Archives départementales des Pyrénées-Atlantiques	Cité administrative, boulevard Tourasse 64000 Pau
80357: Tchê Química	Rua Anita Garibaldi, 359/603 Mont' Serrat - Porto Alegre/RS CEP: 90450-001, RS - Brasil
88122: Industry Documents Library	530 Parnassus Ave, San Francisco, CA 94143
15051: Musée Archéologique de l'Oise	Les Marmousets, 60120 Vendeuil-Caply, France
76268: Revista Elektron	Paseo Colón 850, 1er piso, C1063ACV, Buenos Aires, Argentina
63272: MediaLibraryOnLine	via Cignani, 66, 40128 Bologna, Italy
88439: Journal of Geophysics	3501 Jack Northrop Ave, Hawthorne, CA 90250
87913: Librairie LDE	4, rue Alfred Kastler, Molsheim, 67120, France
50277: Images et Savoirs	12 avenue Saint-Jérôme, 13100 Aix en Provence, France
87276: Musée Saint-Raymond, musée d'Archéologie de Toulouse	Place Saint-Sernin, 31000 Toulouse, France
81983: UCSF Archives & Special Collections	530 Parnassus Ave, San Francisco, CA 94143
37622: Sonoma County Library	6135 State Farm Drive, Rohnert Park, CA 94928
24627: Glose	53, rue du Rocher, 75008, Paris, France
87911: PlayBac Presse	14 BIS rue des minimes, 75003, Paris, France
88112: National Registry of Exonerations	Department of Social Ecology, 3385 Social Ecology 2, University of California Irvine, Irvine, CA 92697-7080
11630: Infotel SA	Tour Galliéni 2, 36 Avenue du Générale de Gaulle, 93175 Bagnolet Cedex, France
72848: Journal of Rawalpindi Medical College	Rawalpindi Medical University, Tipu Road, Rawalpindi, Pakistan
81235: UCI Library Digital Assets	University Library, UC Irvine, Irvine, CA 92623
88735: EXARC	Aloelaan 40A, 2316 XT Leiden, the Netherlands
59853: University of Virginia	1826 University Ave, Charlottesville, VA 22904
81974: Centro Interamericano de Investigaciones Psicológicas y Ciencias Afines	J. D. Perón 2158, Buenos Aires, Argentina
47198: BRIEF.ME SAS	14 rue de Thionville, 75019 Paris, France
34203: Calamus - SAEMED	Avenida Varela 229, 1406 CABA, Argentina
21206: 17beta	Avenida Principal #5120B, Mexico City, CP 41020, Mexico
82424: Archives Nice Côte d'Azur	7 Avenue de Fabron, Nice, France
69429: Canadian Research Knowledge Network	411 - 11 Holland Avenue, Ottawa, ON K1Y 4S1 Canada
43779: Hyper Hyper Space	El Pomelito, Suipacha, Buenos Aires, Argentina CP 612
30782: Archives de la Ville de Genève	Rue de la Croix-Rouge 4, 1204 Genève, Suisse
17786: Bibliothèque de Genève	Prom. des Bastions 1, 1205 Genève, Suisse
79005: Institut et Musée Voltaire	Rue des Délices 25, 1203 Genève, Suisse
66350: Musée d'histoire des Sciences	1, route de Malagnou 1208 Genève, Suisse
53355: Musée du Louvre	Musée du Louvre, 75058 PARIS CEDEX 1
40358: Campus Condorcet - GED	8 cours des Humanités, 93322, Aubervilliers Cedex - France
27362: Cold Spring Harbor Laboratory	One Bungtown Road, Cold Spring Harbor, NY 11724
14366: Archives Diplomatiques du Ministère Des Affaires Etrangères	3 Rue Suzanne Masson, 93126, La Courneuve CEDEX, France
75926: Biblioteca Digital de la Universidad Nacional de Cuyo	Av. San Martín 1843, M5500 Mendoza, Argentina
62931: Médiathèque intercommunale de Saint-Dié-des-Vosges	11, rue Saint-Charles, 88100 Saint-Dié-des-Vosges, France
49934: Arqueologia Iberoamericana	Dr. Fleming 6, 50750 Pina de Ebro, Zaragoza, Spain
36938: JEULIN	468 rue Jacques-Monod, CS 21900, 27019, Evreux Cedex, France
23942: EarthCube	10100 Hopkins Dr, La Jolla, CA 92093
10947: TestWe	40 rue Desaix, 75015 Paris, France
72507: Collège de France	11 place de Marcelin Berthelot, 75005 Paris, France
59510: Etablissement publique des musées d'Orsay et de l'Orangerie	62 rue de Lille, Paris 07, 75343, France
46514: DRAC Grand Est	2 Place de la République, 67082 Strasbourg, France
38648: Musée départemental de la Céramique à Lezoux	39 rue de la République, 63190, Lezoux, France
33518: Département du Nord	22 rue saint Bernard, 59000, Lille, France
20523: Shaukat Khanum Memorial Cancer Hospital and Research Centre	Block R3, Johar Town, Lahore, Punjab, Pakistan
82083: Centre national de la danse	1 rue Victor Hugo, 93507, Pantin, France
69086: St Giles' Cathedral	High St, Edinburgh EH1 1RE, United Kingdom
56090: University of Notre Dame Hesburgh Libraries	500 St Joseph Dr, Notre Dame, IN 46556
43094: Institut d'Histoire des Représentations et des Idées dans les Modernités - UMR 5317	237 Avenue Jean Jaurès 69007 Lyon, France
30099: Commissariat à l'énergie atomique et aux énergies alternatives	25 rue Leblanc, 75015 Paris, France
17444: TECHNES	3150 Jean-Brillant St, Montreal (QC) H3T 1N8, Canada
78662: Environmental System Science Data Infrastructure for a Virtual Ecosystem	2 Cyclotron Road, Berkeley, CA 94720
65666: Biblioteca Estense Universitaria di Modena	Largo Porta Sant'Agostino, 337, 41121 Modena MO, Italy
52670: Fondation Le Corbusier	8-10 square du Docteur Blanche, 75016 Paris, France
39675: Ville de Bourg-en-Bresse	Place de l'Hôtel de Ville, 01012, Bourg-en-Bresse, France
27020: BILKETA	10 rue des Gouverneurs, 64100 Bayonne, France
14025: Treenaut	1110 Chemin des Platrieres, 13090, Aix-en-Provence, France
88238: Library of the University of Amsterdam	Singel 425, 1012 WP Amsterdam, The Netherlands
75242: Médiathèque de Rueil-Malmaison	15-21 Boulevard Foch, 92500 Rueil-Malmaison, France
62246: Maison des Sciences de l'Homme de Dijon	6 Esplanade Erasme, 21066 Dijon, France
49251: Universidad Católica de Salta	Av Luis Agote 1, A4400 Salta, Argentina
36596: Bibliothèque et Médiathèques de Grasse	Boulevard Antoine Maure, 06130 Grasse, France
23601: Repositorio Institucional UNNOBA	Sarmiento 1169, Junín, Buenos Aires, Argentina
10604: Editorial Universitaria Villa María	Chile 255, X5900JKE Villa María, Córdoba, Argentina
84818: IndraStra Global	162 W, 72nd Street, NY 10023
71822: Sociedad Argentina de Estudios Lingüísticos	25 de Mayo 217, Ciudad de Buenos Aires, Argentina
58827: Musée de l'Ecole de Nancy	36-38 rue du Sergent Blandan, 54000 Nancy, France
